{"lower": {"[7.0569]": 3.6187744140625, "[8.8543]": 4.3331298828125, "[7.22114]": 3.7042236328125, "[17.48665]": 7.3067626953125, "[7.0689]": 3.6221923828125, "[6.90745]": 3.5606689453125, "[19.61616]": 8.4962158203125, "[7.94577]": 4.0733642578125, "[8.93363]": 4.3758544921875, "[6.87952]": 3.5452880859375, "[6.97521]": 3.5931396484375, "[9.45303]": 4.8338623046875, "[7.04879]": 3.6170654296875, "[7.25681]": 3.6905517578125, "[10.73942]": 5.2457275390625, "[13.33866]": 5.8917236328125, "[7.52708]": 3.8597412109375, "[9.06555]": 4.5416259765625, "[7.92507]": 4.0648193359375, "[7.90772]": 4.0579833984375, "[7.3695]": 3.7965087890625, "[10.45058]": 5.1859130859375, "[8.0835]": 4.1622314453125, "[17.27048]": 7.2281494140625, "[7.15498]": 3.6529541015625, "[11.66026]": 5.4320068359375, "[33.68302]": 14.2059326171875, "[10.01563]": 4.9910888671875, "[7.5397]": 3.8648681640625, "[7.6514]": 3.9281005859375, "[9.16136]": 4.7210693359375, "[9.94261]": 4.9603271484375, "[52.74726]": 22.8704833984375, "[8.97018]": 4.4237060546875, "[7.16422]": 3.6563720703125, "[13.29792]": 5.8626708984375, "[9.66434]": 4.9278564453125, "[47.77708]": 22.4193115234375, "[7.32323]": 3.7828369140625, "[7.27129]": 3.6956787109375, "[6.98941]": 3.5982666015625, "[15.14417]": 6.5821533203125, "[10.47734]": 5.1961669921875, "[9.41741]": 4.8543701171875, "[12.87941]": 5.7447509765625, "[7.79379]": 4.0135498046875, "[7.95557]": 4.1075439453125, "[11.55132]": 5.3739013671875, "[10.74611]": 5.2474365234375, "[9.70019]": 4.9346923828125, "[8.37287]": 4.1810302734375, "[8.1058]": 4.1724853515625, "[7.21377]": 3.7008056640625, "[8.76645]": 4.2938232421875, "[8.01653]": 4.1331787109375, "[10.80989]": 5.2440185546875, "[13.71817]": 6.0233154296875, "[8.53022]": 4.3057861328125}, "upper": {"[7.0569]": 5.1636962890625, "[8.8543]": 6.0865478515625, "[7.22114]": 5.2406005859375, "[17.48665]": 9.4395751953125, "[7.0689]": 5.1688232421875, "[6.90745]": 5.1004638671875, "[19.61616]": 10.1436767578125, "[7.94577]": 5.5208740234375, "[8.93363]": 6.1292724609375, "[6.87952]": 5.0902099609375, "[6.97521]": 5.1278076171875, "[9.45303]": 6.4095458984375, "[7.04879]": 5.1602783203125, "[7.25681]": 5.2576904296875, "[10.73942]": 6.7479248046875, "[13.33866]": 7.7459716796875, "[7.52708]": 5.3858642578125, "[9.06555]": 6.2523193359375, "[7.92507]": 5.5089111328125, "[7.90772]": 5.5003662109375, "[7.3695]": 5.3055419921875, "[10.45058]": 6.6864013671875, "[8.0835]": 5.5960693359375, "[17.27048]": 9.3695068359375, "[7.15498]": 5.2098388671875, "[11.66026]": 7.0880126953125, "[33.68302]": 17.3812255859375, "[10.01563]": 6.5650634765625, "[7.5397]": 5.3944091796875, "[7.6514]": 5.3687744140625, "[9.16136]": 6.3172607421875, "[9.94261]": 6.5308837890625, "[52.74726]": 27.4830322265625, "[8.97018]": 6.1497802734375, "[7.16422]": 5.2132568359375, "[13.29792]": 7.7066650390625, "[9.66434]": 6.4949951171875, "[47.77708]": 25.9210205078125, "[7.32323]": 5.2867431640625, "[7.27129]": 5.2645263671875, "[6.98941]": 5.1346435546875, "[15.14417]": 8.7030029296875, "[10.47734]": 6.6864013671875, "[9.41741]": 6.3941650390625, "[12.87941]": 7.4691162109375, "[7.79379]": 5.4405517578125, "[7.95557]": 5.5260009765625, "[11.55132]": 7.0657958984375, "[10.74611]": 6.7513427734375, "[9.70019]": 6.5103759765625, "[8.37287]": 5.7703857421875, "[8.1058]": 5.6080322265625, "[7.21377]": 5.2371826171875, "[8.76645]": 6.0472412109375, "[8.01653]": 5.5584716796875, "[10.80989]": 6.7803955078125, "[13.71817]": 7.9288330078125, "[8.53022]": 5.9600830078125}}