{"lower": {"[7.0569]": 3.8631591796875, "[8.73909]": 4.6304931640625, "[17.48665]": 8.0587158203125, "[7.0689]": 3.8699951171875, "[14.2086]": 6.6060791015625, "[6.90745]": 3.7845458984375, "[19.61616]": 8.8414306640625, "[8.93363]": 4.6868896484375, "[9.45303]": 4.7962646484375, "[6.97521]": 3.8170166015625, "[7.04879]": 3.8597412109375, "[10.73942]": 5.3858642578125, "[13.33866]": 6.2540283203125, "[7.30597]": 3.9571533203125, "[8.11844]": 4.2904052734375, "[9.32205]": 4.7432861328125, "[9.06555]": 4.7091064453125, "[8.76026]": 4.6373291015625, "[9.99908]": 5.0679931640625, "[7.92507]": 4.2066650390625, "[8.0835]": 4.2750244140625, "[7.3695]": 3.9793701171875, "[7.90772]": 4.1998291015625, "[10.45058]": 5.2713623046875, "[11.66026]": 5.6251220703125, "[9.55982]": 4.8560791015625, "[33.68302]": 14.5528564453125, "[7.15498]": 3.9024658203125, "[8.38215]": 4.4459228515625, "[7.6514]": 4.1007080078125, "[9.16136]": 4.7108154296875, "[11.66435]": 5.6268310546875, "[10.71024]": 5.3790283203125, "[14.5352]": 6.7171630859375, "[52.74726]": 22.7286376953125, "[7.16422]": 3.9058837890625, "[13.29792]": 6.2301025390625, "[9.66434]": 4.9278564453125, "[47.77708]": 21.0999755859375, "[7.32323]": 3.9622802734375, "[7.27129]": 3.9451904296875, "[10.47734]": 5.2799072265625, "[9.7348]": 4.9552001953125, "[14.69074]": 6.7615966796875, "[9.41741]": 4.7791748046875, "[12.87941]": 6.0745849609375, "[18.6348]": 8.4688720703125, "[7.79379]": 4.1553955078125, "[7.95557]": 4.2203369140625, "[10.74611]": 5.3875732421875, "[7.21377]": 3.9246826171875, "[8.66855]": 4.5860595703125, "[7.98767]": 4.2340087890625, "[8.76645]": 4.6407470703125, "[8.01653]": 4.2459716796875, "[8.53022]": 4.5211181640625}, "upper": {"[7.0569]": 5.1021728515625, "[8.73909]": 5.9805908203125, "[17.48665]": 9.9556884765625, "[7.0689]": 5.1090087890625, "[14.2086]": 8.5457763671875, "[6.90745]": 5.0303955078125, "[19.61616]": 10.7298583984375, "[8.93363]": 6.0762939453125, "[9.45303]": 6.2796630859375, "[6.97521]": 5.0628662109375, "[7.04879]": 5.0987548828125, "[10.73942]": 6.7342529296875, "[13.33866]": 8.1151123046875, "[7.30597]": 5.2235107421875, "[8.11844]": 5.6456298828125, "[9.32205]": 6.2164306640625, "[9.06555]": 6.1412353515625, "[8.76026]": 5.9908447265625, "[9.99908]": 6.6060791015625, "[7.92507]": 5.5413818359375, "[8.0835]": 5.6251220703125, "[7.3695]": 5.2559814453125, "[7.90772]": 5.5311279296875, "[10.45058]": 6.7718505859375, "[11.66026]": 7.2178955078125, "[9.55982]": 6.3446044921875, "[33.68302]": 16.8890380859375, "[7.15498]": 5.1483154296875, "[8.38215]": 5.8028564453125, "[7.6514]": 5.3995361328125, "[9.16136]": 6.1583251953125, "[11.66435]": 7.2196044921875, "[10.71024]": 6.7376708984375, "[14.5352]": 8.6927490234375, "[52.74726]": 25.8048095703125, "[7.16422]": 5.1534423828125, "[13.29792]": 8.0946044921875, "[9.66434]": 6.4385986328125, "[47.77708]": 23.7181396484375, "[7.32323]": 5.2320556640625, "[7.27129]": 5.2064208984375, "[10.47734]": 6.7684326171875, "[9.7348]": 6.4744873046875, "[14.69074]": 8.7593994140625, "[9.41741]": 6.2625732421875, "[12.87941]": 7.8826904296875, "[18.6348]": 10.4154052734375, "[7.79379]": 5.4713134765625, "[7.95557]": 5.5567626953125, "[10.74611]": 6.7376708984375, "[7.21377]": 5.1790771484375, "[8.66855]": 5.9447021484375, "[7.98767]": 5.5738525390625, "[8.76645]": 5.9942626953125, "[8.01653]": 5.5892333984375, "[8.53022]": 5.8763427734375}}