{"lower": {"[11.22905]": 5.8404541015625, "[7.0569]": 3.7435302734375, "[8.01653]": 4.1827392578125, "[17.48665]": 9.1029052734375, "[7.94577]": 4.1759033203125, "[8.93363]": 4.6253662109375, "[8.53022]": 4.4647216796875, "[9.45303]": 4.9124755859375, "[6.97521]": 3.7025146484375, "[7.04879]": 3.7384033203125, "[10.73942]": 5.5909423828125, "[8.11844]": 4.2613525390625, "[13.33866]": 6.9307861328125, "[11.47225]": 5.9908447265625, "[9.99908]": 5.1876220703125, "[8.76026]": 4.5313720703125, "[7.92507]": 4.1690673828125, "[7.90772]": 4.1571044921875, "[7.3695]": 3.8939208984375, "[17.27048]": 9.0806884765625, "[11.66026]": 6.0865478515625, "[9.55982]": 4.9808349609375, "[33.68302]": 16.8377685546875, "[8.38215]": 4.3912353515625, "[10.01563]": 5.1824951171875, "[9.38947]": 4.8919677734375, "[7.6514]": 4.0323486328125, "[9.16136]": 4.7056884765625, "[9.94261]": 5.1551513671875, "[7.06471]": 3.7469482421875, "[11.66435]": 6.0882568359375, "[14.5352]": 7.5306396484375, "[10.71024]": 5.5738525390625, "[52.74726]": 24.5401611328125, "[12.35411]": 6.4351806640625, "[7.16422]": 3.7947998046875, "[7.32323]": 3.8717041015625, "[10.84269]": 5.6490478515625, "[9.5304]": 4.9552001953125, "[8.91776]": 4.6168212890625, "[6.98941]": 3.7093505859375, "[14.69074]": 7.6092529296875, "[9.41741]": 4.8953857421875, "[11.80181]": 6.1566162109375, "[12.87941]": 6.6983642578125, "[18.6348]": 9.6702880859375, "[11.55132]": 6.0318603515625, "[7.79379]": 4.1007080078125, "[10.74611]": 5.5943603515625, "[9.70019]": 5.0201416015625, "[8.37287]": 4.3861083984375, "[8.1058]": 4.2545166015625, "[7.98767]": 4.1656494140625, "[7.21377]": 3.8187255859375, "[8.66855]": 4.5262451171875, "[10.80989]": 5.6302490234375, "[14.2086]": 7.3665771484375}, "upper": {"[11.22905]": 7.1409912109375, "[7.0569]": 4.9005126953125, "[8.01653]": 5.4097900390625, "[17.48665]": 10.2034912109375, "[7.94577]": 5.3841552734375, "[8.93363]": 5.9259033203125, "[8.53022]": 5.6986083984375, "[9.45303]": 6.2010498046875, "[6.97521]": 4.8560791015625, "[7.04879]": 4.8970947265625, "[10.73942]": 6.9256591796875, "[8.11844]": 5.4593505859375, "[13.33866]": 8.3099365234375, "[11.47225]": 7.2281494140625, "[9.99908]": 6.4881591796875, "[8.76026]": 5.8267822265625, "[7.92507]": 5.3756103515625, "[7.90772]": 5.3670654296875, "[7.3695]": 5.0714111328125, "[17.27048]": 10.1334228515625, "[11.66026]": 7.2401123046875, "[9.55982]": 6.2591552734375, "[33.68302]": 18.3228759765625, "[8.38215]": 5.6029052734375, "[10.01563]": 6.4984130859375, "[9.38947]": 6.1668701171875, "[7.6514]": 5.2252197265625, "[9.16136]": 6.0472412109375, "[9.94261]": 6.4556884765625, "[7.06471]": 4.9056396484375, "[11.66435]": 7.2401123046875, "[14.5352]": 8.9234619140625, "[10.71024]": 6.9119873046875, "[52.74726]": 27.1292724609375, "[12.35411]": 7.6759033203125, "[7.16422]": 4.9603271484375, "[7.32323]": 5.0457763671875, "[10.84269]": 6.9718017578125, "[9.5304]": 6.2420654296875, "[8.91776]": 5.9156494140625, "[6.98941]": 4.8646240234375, "[14.69074]": 9.0447998046875, "[9.41741]": 6.1822509765625, "[11.80181]": 7.2947998046875, "[12.87941]": 8.0142822265625, "[18.6348]": 10.7982177734375, "[11.55132]": 7.2401123046875, "[7.79379]": 5.3055419921875, "[10.74611]": 6.9290771484375, "[9.70019]": 6.3258056640625, "[8.37287]": 5.5977783203125, "[8.1058]": 5.4525146484375, "[7.98767]": 5.3961181640625, "[7.21377]": 4.9859619140625, "[8.66855]": 5.7755126953125, "[10.80989]": 6.9564208984375, "[14.2086]": 8.7508544921875}}