{"lower": {"[8.45396]": 4.268157958984375, "[9.58104]": 4.868927001953125, "[10.41117]": 5.459320068359375, "[7.89492]": 3.957916259765625, "[8.96892]": 4.582550048828125, "[8.12433]": 4.082427978515625, "[14.09308]": 7.419342041015625, "[16.8758]": 9.184295654296875, "[8.01387]": 4.023284912109375, "[16.27157]": 8.742279052734375, "[9.11604]": 4.730926513671875, "[7.51395]": 3.766998291015625, "[6.91689]": 3.447418212890625, "[8.82913]": 4.490203857421875, "[7.57561]": 3.816802978515625, "[6.75854]": 3.458831787109375, "[6.56745]": 3.346771240234375, "[9.71065]": 4.982025146484375, "[31.0155]": 14.854766845703125, "[8.00907]": 4.020172119140625, "[14.65536]": 7.720245361328125, "[8.57319]": 4.332489013671875, "[7.1725]": 3.559478759765625, "[14.24134]": 7.497161865234375, "[6.57228]": 3.350921630859375, "[6.4532]": 3.312530517578125, "[6.78974]": 3.453643798828125, "[10.93913]": 5.753997802734375, "[8.91629]": 4.549346923828125, "[7.7447]": 3.903961181640625, "[7.37836]": 3.654937744140625, "[13.69047]": 7.220123291015625, "[8.93421]": 4.559722900390625, "[7.7472]": 3.904998779296875, "[7.9404]": 3.994232177734375, "[8.82593]": 4.488128662109375, "[11.2364]": 5.918975830078125, "[7.46912]": 3.742095947265625, "[7.28944]": 3.610321044921875, "[8.105]": 4.072052001953125, "[11.56834]": 6.122344970703125, "[14.92764]": 7.901824951171875, "[7.12454]": 3.540802001953125, "[11.0588]": 5.791351318359375, "[10.0998]": 5.200958251953125, "[10.49609]": 5.519500732421875, "[7.11142]": 3.535614013671875, "[9.04765]": 4.636505126953125, "[6.73037]": 3.436004638671875, "[7.29382]": 3.612396240234375, "[8.13071]": 4.085540771484375, "[7.20515]": 3.571929931640625, "[15.7768]": 8.388458251953125, "[8.52895]": 4.308624267578125, "[19.01969]": 10.363006591796875}, "upper": {"[8.45396]": 5.876434326171875, "[9.58104]": 6.285247802734375, "[10.41117]": 6.803009033203125, "[7.89492]": 5.573455810546875, "[8.96892]": 5.939727783203125, "[8.12433]": 5.699005126953125, "[14.09308]": 8.702850341796875, "[16.8758]": 9.998809814453125, "[8.01387]": 5.637786865234375, "[16.27157]": 9.653289794921875, "[9.11604]": 6.016510009765625, "[7.51395]": 5.368011474609375, "[6.91689]": 4.957122802734375, "[8.82913]": 5.854644775390625, "[7.57561]": 5.401214599609375, "[6.75854]": 4.866851806640625, "[6.56745]": 4.739227294921875, "[9.71065]": 6.380706787109375, "[31.0155]": 16.168365478515625, "[8.00907]": 5.635711669921875, "[14.65536]": 8.923858642578125, "[8.57319]": 5.923126220703125, "[7.1725]": 5.128326416015625, "[14.24134]": 8.759918212890625, "[6.57228]": 4.743377685546875, "[6.4532]": 4.667633056640625, "[6.78974]": 4.887603759765625, "[10.93913]": 7.136077880859375, "[8.91629]": 5.907562255859375, "[7.7447]": 5.492523193359375, "[7.37836]": 5.274627685546875, "[13.69047]": 8.536834716796875, "[8.93421]": 5.918975830078125, "[7.7472]": 5.493560791015625, "[7.9404]": 5.598358154296875, "[8.82593]": 5.853607177734375, "[11.2364]": 7.344635009765625, "[7.46912]": 5.344146728515625, "[7.28944]": 5.210296630859375, "[8.105]": 5.687591552734375, "[11.56834]": 7.530364990234375, "[14.92764]": 9.030731201171875, "[7.12454]": 5.095123291015625, "[11.0588]": 7.206634521484375, "[10.0998]": 6.608978271484375, "[10.49609]": 6.871490478515625, "[7.11142]": 5.085784912109375, "[9.04765]": 5.986419677734375, "[6.73037]": 4.847137451171875, "[7.29382]": 5.213409423828125, "[8.13071]": 5.703155517578125, "[7.20515]": 5.150115966796875, "[15.7768]": 9.366912841796875, "[8.52895]": 5.915863037109375, "[19.01969]": 10.964813232421875}}