{"lower": {"[11.22905]": 6.0335693359375, "[8.8543]": 4.7159423828125, "[7.22114]": 3.8682861328125, "[8.73909]": 4.6082763671875, "[7.0689]": 3.8529052734375, "[14.2086]": 6.8726806640625, "[6.90745]": 3.8409423828125, "[7.94577]": 4.1553955078125, "[7.04879]": 3.8477783203125, "[6.97521]": 3.8306884765625, "[6.87952]": 3.8460693359375, "[7.52708]": 3.9947509765625, "[9.45303]": 5.0457763671875, "[10.73942]": 5.5943603515625, "[13.33866]": 6.5137939453125, "[6.69942]": 3.7589111328125, "[9.06555]": 4.7569580078125, "[8.76026]": 4.6185302734375, "[9.99908]": 5.2047119140625, "[7.92507]": 4.1451416015625, "[7.90772]": 4.1365966796875, "[10.45058]": 5.4713134765625, "[8.0835]": 4.2322998046875, "[7.3695]": 3.8973388671875, "[17.27048]": 8.1134033203125, "[7.15498]": 3.8734130859375, "[9.55982]": 5.0919189453125, "[10.01563]": 5.2200927734375, "[8.38215]": 4.4578857421875, "[9.38947]": 5.0013427734375, "[7.6514]": 4.0682373046875, "[7.5397]": 3.9981689453125, "[9.16136]": 4.8013916015625, "[9.94261]": 5.1722412109375, "[16.28853]": 7.7579345703125, "[10.71024]": 5.5396728515625, "[12.35411]": 6.3155517578125, "[13.29792]": 6.5975341796875, "[47.77708]": 19.7669677734375, "[10.84269]": 5.6370849609375, "[9.5304]": 5.0833740234375, "[8.91776]": 4.7108154296875, "[9.7348]": 5.1671142578125, "[10.47734]": 5.4832763671875, "[15.14417]": 7.2725830078125, "[14.69074]": 7.0948486328125, "[9.41741]": 5.0303955078125, "[11.80181]": 6.2130126953125, "[18.6348]": 8.5919189453125, "[12.87941]": 6.3668212890625, "[7.95557]": 4.1605224609375, "[12.27401]": 6.2677001953125, "[10.74611]": 5.5960693359375, "[8.37287]": 4.4544677734375, "[8.1058]": 4.2459716796875, "[7.98767]": 4.1776123046875, "[9.70019]": 5.1568603515625, "[20.289]": 9.5164794921875, "[7.06471]": 3.8511962890625, "[13.71817]": 6.7581787109375, "[11.12253]": 5.8729248046875, "[8.53022]": 4.4971923828125}, "upper": {"[11.22905]": 7.4913330078125, "[8.8543]": 6.0506591796875, "[7.22114]": 5.1021728515625, "[8.73909]": 5.9857177734375, "[7.0689]": 5.0628662109375, "[14.2086]": 8.5850830078125, "[6.90745]": 4.9722900390625, "[7.94577]": 5.6011962890625, "[7.04879]": 5.0491943359375, "[6.97521]": 5.0081787109375, "[6.87952]": 4.9603271484375, "[7.52708]": 5.3465576171875, "[9.45303]": 6.4539794921875, "[10.73942]": 7.1956787109375, "[13.33866]": 8.2449951171875, "[6.69942]": 4.8646240234375, "[9.06555]": 6.2215576171875, "[8.76026]": 5.9976806640625, "[9.99908]": 6.6590576171875, "[7.92507]": 5.5892333984375, "[7.90772]": 5.5789794921875, "[10.45058]": 6.9974365234375, "[8.0835]": 5.6883544921875, "[7.3695]": 5.1807861328125, "[17.27048]": 9.7762451171875, "[7.15498]": 5.0697021484375, "[9.55982]": 6.5103759765625, "[10.01563]": 6.6676025390625, "[8.38215]": 5.8695068359375, "[9.38947]": 6.4215087890625, "[7.6514]": 5.4183349609375, "[7.5397]": 5.3533935546875, "[9.16136]": 6.2762451171875, "[9.94261]": 6.6265869140625, "[16.28853]": 9.3575439453125, "[10.71024]": 7.1580810546875, "[12.35411]": 8.0194091796875, "[13.29792]": 8.2159423828125, "[47.77708]": 24.9605712890625, "[10.84269]": 7.2520751953125, "[9.5304]": 6.4949951171875, "[8.91776]": 6.1634521484375, "[9.7348]": 6.6026611328125, "[10.47734]": 7.0111083984375, "[15.14417]": 8.9422607421875, "[14.69074]": 8.7901611328125, "[9.41741]": 6.4368896484375, "[11.80181]": 7.8262939453125, "[18.6348]": 10.2564697265625, "[12.87941]": 7.9202880859375, "[7.95557]": 5.6080322265625, "[12.27401]": 8.0040283203125, "[10.74611]": 7.1990966796875, "[8.37287]": 5.8643798828125, "[8.1058]": 5.7054443359375, "[7.98767]": 5.6268310546875, "[9.70019]": 6.5838623046875, "[20.289]": 10.9161376953125, "[7.06471]": 5.0611572265625, "[13.71817]": 8.4552001953125, "[11.12253]": 7.4315185546875, "[8.53022]": 5.8695068359375}}