{"lower": {"[11.22905]": 5.5670166015625, "[7.0569]": 3.6051025390625, "[8.73909]": 4.3690185546875, "[17.48665]": 7.9647216796875, "[8.8543]": 4.4202880859375, "[19.61616]": 8.7918701171875, "[7.94577]": 4.0545654296875, "[8.93363]": 4.4595947265625, "[9.45303]": 4.7637939453125, "[6.97521]": 3.5965576171875, "[7.04879]": 3.6033935546875, "[7.52708]": 3.7947998046875, "[7.25681]": 3.6820068359375, "[8.11844]": 4.1109619140625, "[13.33866]": 6.2677001953125, "[9.06555]": 4.5159912109375, "[11.47225]": 5.6353759765625, "[9.99908]": 4.9808349609375, "[8.76026]": 4.3775634765625, "[7.92507]": 4.0255126953125, "[7.90772]": 3.9862060546875, "[7.3695]": 3.7366943359375, "[17.27048]": 7.8809814453125, "[9.55982]": 4.8184814453125, "[33.68302]": 15.4381103515625, "[10.01563]": 4.9876708984375, "[9.38947]": 4.7330322265625, "[7.5397]": 3.7999267578125, "[7.6514]": 3.8563232421875, "[9.16136]": 4.5826416015625, "[9.94261]": 4.9569091796875, "[10.71024]": 5.3533935546875, "[52.74726]": 24.5811767578125, "[9.66434]": 4.8697509765625, "[14.62281]": 6.7838134765625, "[7.32323]": 3.7178955078125, "[47.77708]": 22.3868408203125, "[9.5304]": 4.8031005859375, "[8.91776]": 4.4527587890625, "[10.47734]": 5.2064208984375, "[15.14417]": 6.9820556640625, "[14.69074]": 6.8145751953125, "[9.7348]": 4.8663330078125, "[9.41741]": 4.7467041015625, "[12.87941]": 6.1173095703125, "[18.6348]": 8.3885498046875, "[7.79379]": 3.9281005859375, "[11.55132]": 5.6678466796875, "[7.95557]": 4.0614013671875, "[10.74611]": 5.3824462890625, "[11.35123]": 5.6063232421875, "[7.21377]": 3.6580810546875, "[9.70019]": 4.8731689453125, "[8.1058]": 4.1075439453125, "[8.76645]": 4.3792724609375, "[8.01653]": 4.0887451171875, "[20.289]": 9.0670166015625, "[10.80989]": 5.4063720703125, "[11.12253]": 5.5311279296875, "[14.2086]": 6.6402587890625}, "upper": {"[11.22905]": 7.1597900390625, "[7.0569]": 5.0064697265625, "[8.73909]": 5.8951416015625, "[17.48665]": 9.1473388671875, "[8.8543]": 5.9532470703125, "[19.61616]": 9.7044677734375, "[7.94577]": 5.4764404296875, "[8.93363]": 5.9959716796875, "[9.45303]": 6.2728271484375, "[6.97521]": 4.9859619140625, "[7.04879]": 5.0047607421875, "[7.52708]": 5.2149658203125, "[7.25681]": 5.0850830078125, "[8.11844]": 5.5721435546875, "[13.33866]": 7.7425537109375, "[9.06555]": 6.0694580078125, "[11.47225]": 7.2674560546875, "[9.99908]": 6.5411376953125, "[8.76026]": 5.9053955078125, "[7.92507]": 5.4661865234375, "[7.90772]": 5.4354248046875, "[7.3695]": 5.1380615234375, "[17.27048]": 9.0909423828125, "[9.55982]": 6.3240966796875, "[33.68302]": 18.1331787109375, "[10.01563]": 6.5496826171875, "[9.38947]": 6.2437744140625, "[7.5397]": 5.2218017578125, "[7.6514]": 5.2799072265625, "[9.16136]": 6.1258544921875, "[9.94261]": 6.5120849609375, "[10.71024]": 6.9307861328125, "[52.74726]": 27.1190185546875, "[9.66434]": 6.3736572265625, "[14.62281]": 8.1287841796875, "[7.32323]": 5.1158447265625, "[47.77708]": 25.7911376953125, "[9.5304]": 6.3104248046875, "[8.91776]": 5.9874267578125, "[10.47734]": 6.7855224609375, "[15.14417]": 8.3646240234375, "[14.69074]": 8.1595458984375, "[9.7348]": 6.4078369140625, "[9.41741]": 6.2574462890625, "[12.87941]": 7.7288818359375, "[18.6348]": 9.4464111328125, "[7.79379]": 5.3585205078125, "[11.55132]": 7.3289794921875, "[7.95557]": 5.4832763671875, "[10.74611]": 6.9478759765625, "[11.35123]": 7.2144775390625, "[7.21377]": 5.0662841796875, "[9.70019]": 6.3924560546875, "[8.1058]": 5.5653076171875, "[8.76645]": 5.9088134765625, "[8.01653]": 5.5157470703125, "[20.289]": 9.8822021484375, "[10.80989]": 6.9769287109375, "[11.12253]": 7.1136474609375, "[14.2086]": 7.9595947265625}}