{"lower": {"[6.93278]": 3.65545654296875, "[10.42476]": 5.24078369140625, "[7.93338]": 3.97283935546875, "[10.23194]": 5.08685302734375, "[8.67458]": 4.26165771484375, "[8.99434]": 4.51239013671875, "[8.67931]": 4.26324462890625, "[12.58731]": 6.40557861328125, "[8.09376]": 4.04742431640625, "[7.24984]": 3.78240966796875, "[10.48087]": 5.26617431640625, "[8.50737]": 4.18389892578125, "[9.81487]": 4.92340087890625, "[7.93692]": 3.97442626953125, "[6.61879]": 3.66973876953125, "[7.83215]": 3.91412353515625, "[10.35014]": 5.20269775390625, "[18.1847]": 8.99700927734375, "[9.26318]": 4.62664794921875, "[6.99566]": 3.66815185546875, "[10.4559]": 5.25506591796875, "[15.12485]": 7.59100341796875, "[8.41026]": 4.16644287109375, "[6.98297]": 3.66497802734375, "[6.79315]": 3.64593505859375, "[8.50666]": 4.18389892578125, "[7.91003]": 3.95855712890625, "[9.95782]": 4.97100830078125, "[9.24945]": 4.61871337890625, "[9.03324]": 4.52191162109375, "[11.43808]": 5.79144287109375, "[6.89254]": 3.65228271484375, "[7.41109]": 3.83795166015625, "[10.15729]": 5.05352783203125, "[6.747]": 3.64117431640625, "[14.43548]": 7.23712158203125, "[6.81038]": 3.65228271484375, "[13.36718]": 6.71185302734375, "[17.22324]": 8.49554443359375, "[10.27048]": 5.16461181640625, "[7.46259]": 3.83795166015625, "[8.37317]": 4.15216064453125, "[9.03289]": 4.52191162109375, "[21.59325]": 10.61566162109375, "[13.07042]": 6.59283447265625, "[7.37363]": 3.84271240234375, "[12.53615]": 6.37384033203125, "[8.35122]": 4.14422607421875, "[10.01982]": 5.01385498046875, "[12.14587]": 6.15325927734375, "[12.28439]": 6.23101806640625, "[7.72563]": 3.87127685546875, "[13.85861]": 7.07525634765625, "[13.21739]": 6.63726806640625, "[7.38969]": 3.83477783203125, "[10.79358]": 5.40264892578125, "[6.69146]": 3.62371826171875, "[7.56998]": 3.85223388671875, "[9.05974]": 4.52984619140625, "[13.84933]": 7.06890869140625, "[17.42091]": 8.61297607421875, "[9.87833]": 4.95037841796875, "[7.43528]": 3.83319091796875}, "upper": {"[6.93278]": 4.76629638671875, "[10.42476]": 6.79437255859375, "[7.93338]": 5.32806396484375, "[10.23194]": 6.68963623046875, "[8.67458]": 5.77874755859375, "[8.99434]": 6.09295654296875, "[8.67931]": 5.78192138671875, "[12.58731]": 7.93536376953125, "[8.09376]": 5.42645263671875, "[7.24984]": 4.94244384765625, "[10.48087]": 6.86102294921875, "[8.50737]": 5.67718505859375, "[9.81487]": 6.45794677734375, "[7.93692]": 5.32965087890625, "[6.61879]": 4.59967041015625, "[7.83215]": 5.38995361328125, "[10.35014]": 6.75469970703125, "[18.1847]": 10.16656494140625, "[9.26318]": 6.24688720703125, "[6.99566]": 4.79962158203125, "[10.4559]": 6.84832763671875, "[15.12485]": 8.90655517578125, "[8.41026]": 5.61688232421875, "[6.98297]": 4.79168701171875, "[6.79315]": 4.72027587890625, "[8.50666]": 5.67559814453125, "[7.91003]": 5.31695556640625, "[9.95782]": 6.53887939453125, "[9.24945]": 6.23577880859375, "[9.03324]": 6.11517333984375, "[11.43808]": 7.36724853515625, "[6.89254]": 4.75042724609375, "[7.41109]": 5.18365478515625, "[10.15729]": 6.64837646484375, "[6.747]": 4.68853759765625, "[14.43548]": 8.77008056640625, "[6.81038]": 4.73297119140625, "[13.36718]": 8.28765869140625, "[17.22324]": 9.72540283203125, "[10.27048]": 6.71026611328125, "[7.46259]": 5.19635009765625, "[8.37317]": 5.59466552734375, "[9.03289]": 6.11517333984375, "[21.59325]": 11.36944580078125, "[13.07042]": 8.15118408203125, "[7.37363]": 5.16143798828125, "[12.53615]": 7.83062744140625, "[8.35122]": 5.58355712890625, "[10.01982]": 6.57220458984375, "[12.14587]": 7.65924072265625, "[12.28439]": 7.72589111328125, "[7.72563]": 5.33123779296875, "[13.85861]": 8.43682861328125, "[13.21739]": 8.21783447265625, "[7.38969]": 5.17095947265625, "[10.79358]": 7.01654052734375, "[6.69146]": 4.64886474609375, "[7.56998]": 5.24871826171875, "[9.05974]": 6.12945556640625, "[13.84933]": 8.43206787109375, "[17.42091]": 9.79205322265625, "[9.87833]": 6.49444580078125, "[7.43528]": 5.19000244140625}}