{"lower": {"[8.45396]": 4.204864501953125, "[7.33199]": 3.722381591796875, "[8.96892]": 4.457000732421875, "[8.12433]": 4.016021728515625, "[7.36346]": 3.742095947265625, "[16.8758]": 8.156036376953125, "[8.01387]": 3.950653076171875, "[16.27157]": 7.882110595703125, "[9.85784]": 4.947784423828125, "[27.98635]": 13.900177001953125, "[7.51395]": 3.790863037109375, "[6.81005]": 3.473358154296875, "[7.33448]": 3.724456787109375, "[7.57561]": 3.833404541015625, "[6.75854]": 3.453643798828125, "[6.56745]": 3.406951904296875, "[8.00907]": 3.948577880859375, "[14.65536]": 7.101837158203125, "[7.43411]": 3.786712646484375, "[7.1725]": 3.631072998046875, "[10.10353]": 5.054656982421875, "[11.89988]": 5.830780029296875, "[14.24134]": 6.945159912109375, "[7.09544]": 3.594757080078125, "[12.35822]": 5.994720458984375, "[8.93022]": 4.440399169921875, "[6.4532]": 3.334320068359375, "[8.21629]": 4.053375244140625, "[7.84418]": 3.920562744140625, "[6.78974]": 3.466094970703125, "[8.91629]": 4.434173583984375, "[7.90155]": 3.930938720703125, "[7.37836]": 3.751434326171875, "[7.46912]": 3.776336669921875, "[13.69047]": 6.662933349609375, "[7.7472]": 3.928863525390625, "[8.93421]": 4.442474365234375, "[11.2364]": 5.475921630859375, "[7.9404]": 3.927825927734375, "[7.68389]": 3.893585205078125, "[6.79162]": 3.467132568359375, "[19.99749]": 9.638763427734375, "[8.105]": 4.008758544921875, "[8.00872]": 3.948577880859375, "[8.53642]": 4.184112548828125, "[10.16001]": 5.050506591796875, "[14.92764]": 7.203521728515625, "[11.0588]": 5.445831298828125, "[10.0998]": 5.053619384765625, "[24.39645]": 12.065704345703125, "[10.49609]": 5.182281494140625, "[28.04159]": 13.969696044921875, "[10.39536]": 5.129364013671875, "[6.81395]": 3.475433349609375, "[9.8729]": 4.954010009765625, "[11.41059]": 5.562042236328125, "[7.29382]": 3.704742431640625, "[7.81962]": 3.918487548828125, "[8.19582]": 4.045074462890625, "[15.7768]": 7.599884033203125, "[8.52895]": 4.182037353515625, "[7.39473]": 3.761810302734375, "[19.01969]": 9.175994873046875}, "upper": {"[8.45396]": 5.856719970703125, "[7.33199]": 5.235198974609375, "[8.96892]": 6.123382568359375, "[8.12433]": 5.672027587890625, "[7.36346]": 5.252838134765625, "[16.8758]": 10.164825439453125, "[8.01387]": 5.612884521484375, "[16.27157]": 9.843170166015625, "[9.85784]": 6.579925537109375, "[27.98635]": 15.171234130859375, "[7.51395]": 5.338958740234375, "[6.81005]": 4.930145263671875, "[7.33448]": 5.236236572265625, "[7.57561]": 5.374237060546875, "[6.75854]": 4.901092529296875, "[6.56745]": 4.797332763671875, "[8.00907]": 5.609771728515625, "[14.65536]": 8.968475341796875, "[7.43411]": 5.293304443359375, "[7.1725]": 5.137664794921875, "[10.10353]": 6.700286865234375, "[11.89988]": 7.586395263671875, "[14.24134]": 8.783782958984375, "[7.09544]": 5.092010498046875, "[12.35822]": 7.828155517578125, "[8.93022]": 6.101593017578125, "[6.4532]": 4.738189697265625, "[8.21629]": 5.721832275390625, "[7.84418]": 5.520538330078125, "[6.78974]": 4.918731689453125, "[8.91629]": 6.094329833984375, "[7.90155]": 5.551666259765625, "[7.37836]": 5.261138916015625, "[7.46912]": 5.313018798828125, "[13.69047]": 8.501556396484375, "[7.7472]": 5.471771240234375, "[8.93421]": 6.104705810546875, "[11.2364]": 7.183807373046875, "[7.9404]": 5.572418212890625, "[7.68389]": 5.435455322265625, "[6.79162]": 4.919769287109375, "[19.99749]": 11.512664794921875, "[8.105]": 5.661651611328125, "[8.00872]": 5.609771728515625, "[8.53642]": 5.900299072265625, "[10.16001]": 6.714813232421875, "[14.92764]": 9.106475830078125, "[11.0588]": 7.094573974609375, "[10.0998]": 6.699249267578125, "[24.39645]": 13.648040771484375, "[10.49609]": 6.803009033203125, "[28.04159]": 15.189910888671875, "[10.39536]": 6.761505126953125, "[6.81395]": 4.932220458984375, "[9.8729]": 6.589263916015625, "[11.41059]": 7.274078369140625, "[7.29382]": 5.213409423828125, "[7.81962]": 5.508087158203125, "[8.19582]": 5.711456298828125, "[15.7768]": 9.587921142578125, "[8.52895]": 5.895111083984375, "[7.39473]": 5.271514892578125, "[19.01969]": 11.118377685546875}}