{"lower": {"[10.23194]": 5.22332763671875, "[10.42476]": 5.42169189453125, "[7.89407]": 4.07916259765625, "[8.37651]": 4.16485595703125, "[6.93278]": 3.70782470703125, "[6.69629]": 3.64276123046875, "[7.0858]": 3.76177978515625, "[7.5372]": 3.89984130859375, "[7.56068]": 3.93951416015625, "[8.67931]": 4.32513427734375, "[12.58731]": 6.10882568359375, "[8.09376]": 4.12359619140625, "[9.11072]": 4.47906494140625, "[10.48087]": 5.43914794921875, "[9.81487]": 4.86468505859375, "[10.35014]": 5.35345458984375, "[9.26318]": 4.65203857421875, "[18.1847]": 8.64947509765625, "[6.99566]": 3.72528076171875, "[7.37879]": 3.86334228515625, "[8.41026]": 4.17596435546875, "[6.98297]": 3.71893310546875, "[6.79315]": 3.69830322265625, "[8.6515]": 4.31402587890625, "[14.23604]": 6.84991455078125, "[8.50666]": 4.21881103515625, "[7.91003]": 4.08551025390625, "[9.24945]": 4.64569091796875, "[9.03324]": 4.42669677734375, "[6.89254]": 3.72845458984375, "[7.41109]": 3.89349365234375, "[10.15729]": 5.16302490234375, "[10.02807]": 5.02020263671875, "[14.43548]": 6.99114990234375, "[6.81038]": 3.70465087890625, "[13.36718]": 6.48492431640625, "[18.3765]": 8.61614990234375, "[15.98732]": 7.74017333984375, "[12.06309]": 5.96441650390625, "[8.11894]": 4.13311767578125, "[7.46259]": 3.91571044921875, "[8.37317]": 4.16485595703125, "[7.12173]": 3.77606201171875, "[7.78583]": 4.04425048828125, "[21.59325]": 10.01580810546875, "[13.07042]": 6.31512451171875, "[7.37363]": 3.85858154296875, "[8.35122]": 4.16009521484375, "[12.53615]": 6.20086669921875, "[12.14587]": 5.99774169921875, "[12.28439]": 6.07232666015625, "[9.29301]": 4.66473388671875, "[7.72563]": 4.02203369140625, "[13.85861]": 6.67218017578125, "[7.38969]": 3.86968994140625, "[10.79358]": 5.49627685546875, "[6.69146]": 3.64117431640625, "[7.56998]": 3.94427490234375, "[9.87833]": 4.90753173828125, "[7.43528]": 3.90460205078125}, "upper": {"[10.23194]": 6.88641357421875, "[10.42476]": 7.14508056640625, "[7.89407]": 5.61212158203125, "[8.37651]": 5.85650634765625, "[6.93278]": 4.91705322265625, "[6.69629]": 4.77105712890625, "[7.0858]": 5.01544189453125, "[7.5372]": 5.33441162109375, "[7.56068]": 5.34710693359375, "[8.67931]": 6.05010986328125, "[12.58731]": 8.01788330078125, "[8.09376]": 5.72479248046875, "[9.11072]": 6.21673583984375, "[10.48087]": 7.17047119140625, "[9.81487]": 6.61663818359375, "[10.35014]": 7.02923583984375, "[9.26318]": 6.30242919921875, "[18.1847]": 10.11419677734375, "[6.99566]": 4.95831298828125, "[7.37879]": 5.20587158203125, "[8.41026]": 5.87396240234375, "[6.98297]": 4.95037841796875, "[6.79315]": 4.82977294921875, "[8.6515]": 6.03582763671875, "[14.23604]": 8.79705810546875, "[8.50666]": 5.93109130859375, "[7.91003]": 5.62164306640625, "[9.24945]": 6.29449462890625, "[9.03324]": 6.16278076171875, "[6.89254]": 4.89166259765625, "[7.41109]": 5.26458740234375, "[10.15729]": 6.84039306640625, "[10.02807]": 6.75311279296875, "[14.43548]": 8.88751220703125, "[6.81038]": 4.84088134765625, "[13.36718]": 8.38922119140625, "[18.3765]": 10.16497802734375, "[15.98732]": 9.35723876953125, "[12.06309]": 7.76397705078125, "[8.11894]": 5.73907470703125, "[7.46259]": 5.29315185546875, "[8.37317]": 5.85491943359375, "[7.12173]": 5.03924560546875, "[7.78583]": 5.45977783203125, "[21.59325]": 11.23773193359375, "[13.07042]": 8.26544189453125, "[7.37363]": 5.20111083984375, "[8.35122]": 5.84222412109375, "[12.53615]": 7.99407958984375, "[12.14587]": 7.80364990234375, "[12.28439]": 7.87030029296875, "[9.29301]": 6.31829833984375, "[7.72563]": 5.42645263671875, "[13.85861]": 8.64312744140625, "[7.38969]": 5.21539306640625, "[10.79358]": 7.31011962890625, "[6.69146]": 4.76788330078125, "[7.56998]": 5.35345458984375, "[9.87833]": 6.66583251953125, "[7.43528]": 5.27886962890625}}