{"lower": {"[8.45396]": 3.965179443359375, "[9.58104]": 4.472564697265625, "[7.33199]": 3.481658935546875, "[10.41117]": 4.988250732421875, "[7.89492]": 3.738983154296875, "[16.8758]": 8.160186767578125, "[15.99585]": 7.751373291015625, "[9.11604]": 4.286834716796875, "[7.51395]": 3.554290771484375, "[6.81005]": 3.287628173828125, "[6.91689]": 3.323944091796875, "[10.32835]": 4.912506103515625, "[7.33448]": 3.482696533203125, "[7.57561]": 3.579193115234375, "[6.56745]": 3.217071533203125, "[31.0155]": 14.460479736328125, "[8.00907]": 3.762847900390625, "[6.75854]": 3.271026611328125, "[7.25953]": 3.452606201171875, "[10.10353]": 4.797332763671875, "[19.74358]": 9.495574951171875, "[6.57228]": 3.218109130859375, "[14.24134]": 6.893280029296875, "[6.39534]": 3.164154052734375, "[6.65164]": 3.237823486328125, "[8.93022]": 4.215240478515625, "[6.4532]": 3.192169189453125, "[8.0276]": 3.771148681640625, "[7.84418]": 3.692291259765625, "[10.93913]": 5.279815673828125, "[8.91629]": 4.211090087890625, "[7.90155]": 3.742095947265625, "[7.37836]": 3.500335693359375, "[7.9404]": 3.758697509765625, "[7.68389]": 3.624847412109375, "[7.7472]": 3.651824951171875, "[7.7447]": 3.650787353515625, "[8.82593]": 4.131195068359375, "[11.2364]": 5.490447998046875, "[13.69047]": 6.707550048828125, "[6.79162]": 3.281402587890625, "[7.28944]": 3.465057373046875, "[19.99749]": 9.626312255859375, "[8.00872]": 3.762847900390625, "[8.105]": 3.805389404296875, "[8.53642]": 4.000457763671875, "[14.92764]": 7.167205810546875, "[11.0588]": 5.360748291015625, "[10.16001]": 4.834686279296875, "[7.12454]": 3.398651123046875, "[7.11142]": 3.394500732421875, "[10.49609]": 5.058807373046875, "[9.04765]": 4.273345947265625, "[8.4899]": 3.981781005859375, "[6.73037]": 3.260650634765625, "[9.8729]": 4.612640380859375, "[11.41059]": 5.593170166015625, "[8.29946]": 3.893585205078125, "[7.20515]": 3.432891845703125, "[15.7768]": 7.604034423828125, "[8.52895]": 3.997344970703125, "[7.39473]": 3.506561279296875, "[19.01969]": 9.122039794921875}, "upper": {"[8.45396]": 5.753997802734375, "[9.58104]": 6.367218017578125, "[7.33199]": 5.133514404296875, "[10.41117]": 6.880828857421875, "[7.89492]": 5.447906494140625, "[16.8758]": 9.907501220703125, "[15.99585]": 9.458221435546875, "[9.11604]": 6.113006591796875, "[7.51395]": 5.235198974609375, "[6.81005]": 4.889678955078125, "[6.91689]": 4.939483642578125, "[10.32835]": 6.829986572265625, "[7.33448]": 5.135589599609375, "[7.57561]": 5.270477294921875, "[6.56745]": 4.776580810546875, "[31.0155]": 15.352813720703125, "[8.00907]": 5.508087158203125, "[6.75854]": 4.865814208984375, "[7.25953]": 5.099273681640625, "[10.10353]": 6.699249267578125, "[19.74358]": 11.199310302734375, "[6.57228]": 4.779693603515625, "[14.24134]": 8.728790283203125, "[6.39534]": 4.697723388671875, "[6.65164]": 4.816009521484375, "[8.93022]": 6.015472412109375, "[6.4532]": 4.723663330078125, "[8.0276]": 5.518463134765625, "[7.84418]": 5.420928955078125, "[10.93913]": 7.207672119140625, "[8.91629]": 6.007171630859375, "[7.90155]": 5.451019287109375, "[7.37836]": 5.159454345703125, "[7.9404]": 5.469696044921875, "[7.68389]": 5.330657958984375, "[7.7472]": 5.366973876953125, "[7.7447]": 5.364898681640625, "[8.82593]": 5.957366943359375, "[11.2364]": 7.392364501953125, "[13.69047]": 8.511932373046875, "[6.79162]": 4.881378173828125, "[7.28944]": 5.112762451171875, "[19.99749]": 11.291656494140625, "[8.00872]": 5.508087158203125, "[8.105]": 5.562042236328125, "[8.53642]": 5.799652099609375, "[14.92764]": 8.999603271484375, "[11.0588]": 7.294830322265625, "[10.16001]": 6.732452392578125, "[7.12454]": 5.035980224609375, "[7.11142]": 5.029754638671875, "[10.49609]": 6.944122314453125, "[9.04765]": 6.075653076171875, "[8.4899]": 5.773712158203125, "[6.73037]": 4.852325439453125, "[9.8729]": 6.546722412109375, "[11.41059]": 7.476409912109375, "[8.29946]": 5.668914794921875, "[7.20515]": 5.073333740234375, "[15.7768]": 9.348236083984375, "[8.52895]": 5.795501708984375, "[7.39473]": 5.168792724609375, "[19.01969]": 10.902557373046875}}