{"lower": {"[6.76262]": 3.55096435546875, "[7.70995]": 3.92828369140625, "[7.26316]": 3.76983642578125, "[6.65048]": 3.49322509765625, "[7.26338]": 3.76983642578125, "[19.84522]": 9.91168212890625, "[8.84485]": 4.37274169921875, "[7.23192]": 3.75775146484375, "[17.96081]": 8.94219970703125, "[7.49477]": 3.86920166015625, "[41.57381]": 19.49505615234375, "[7.63814]": 3.94171142578125, "[9.41739]": 4.68292236328125, "[6.52141]": 3.42742919921875, "[7.04503]": 3.68658447265625, "[10.44702]": 5.23345947265625, "[8.33955]": 4.17132568359375, "[7.69639]": 3.92156982421875, "[9.82593]": 4.92462158203125, "[9.00871]": 4.45062255859375, "[8.09894]": 4.06927490234375, "[7.46075]": 3.85308837890625, "[9.01639]": 4.45465087890625, "[6.5966]": 3.46636962890625, "[13.59568]": 6.82464599609375, "[11.89963]": 6.07269287109375, "[13.11131]": 6.60174560546875, "[9.26954]": 4.61712646484375, "[7.53186]": 3.88800048828125, "[11.43885]": 5.75177001953125, "[8.65152]": 4.28948974609375, "[7.95628]": 4.01287841796875, "[8.88878]": 4.39154052734375, "[9.75108]": 4.88568115234375, "[13.76607]": 6.91461181640625, "[17.61417]": 8.77703857421875, "[10.09261]": 5.01995849609375, "[6.51101]": 3.42205810546875, "[10.49641]": 5.25628662109375, "[7.34241]": 3.79803466796875, "[8.51302]": 4.23577880859375, "[12.2413]": 6.16937255859375, "[14.5284]": 7.32550048828125, "[8.22013]": 4.12567138671875, "[9.4539]": 4.70037841796875, "[19.76373]": 9.87274169921875, "[8.0997]": 4.07061767578125, "[8.86347]": 4.38079833984375, "[25.74599]": 12.82818603515625, "[14.11448]": 7.11065673828125, "[13.33876]": 6.69976806640625, "[6.79703]": 3.56976318359375, "[26.13677]": 13.00677490234375, "[7.20853]": 3.74969482421875, "[9.18896]": 4.58489990234375, "[19.25515]": 9.59075927734375, "[14.52648]": 7.32550048828125, "[8.2091]": 4.12164306640625, "[9.1877]": 4.58355712890625, "[8.35268]": 4.17669677734375}, "upper": {"[6.76262]": 4.82391357421875, "[7.70995]": 5.33551025390625, "[7.26316]": 5.09649658203125, "[6.65048]": 4.76214599609375, "[7.26338]": 5.09649658203125, "[19.84522]": 11.75396728515625, "[8.84485]": 5.97467041015625, "[7.23192]": 5.07904052734375, "[17.96081]": 10.67572021484375, "[7.49477]": 5.22271728515625, "[41.57381]": 21.04595947265625, "[7.63814]": 5.30059814453125, "[9.41739]": 6.33990478515625, "[6.52141]": 4.69232177734375, "[7.04503]": 4.97698974609375, "[10.44702]": 6.92132568359375, "[8.33955]": 5.68463134765625, "[7.69639]": 5.32879638671875, "[9.82593]": 6.57220458984375, "[9.00871]": 6.07537841796875, "[8.09894]": 5.55169677734375, "[7.46075]": 5.20391845703125, "[9.01639]": 6.08074951171875, "[6.5966]": 4.73394775390625, "[13.59568]": 8.63336181640625, "[11.89963]": 7.85723876953125, "[13.11131]": 8.38763427734375, "[9.26954]": 6.25933837890625, "[7.53186]": 5.24285888671875, "[11.43885]": 7.52423095703125, "[8.65152]": 5.86322021484375, "[7.95628]": 5.47247314453125, "[8.88878]": 6.00152587890625, "[9.75108]": 6.53057861328125, "[13.76607]": 8.72467041015625, "[17.61417]": 10.49444580078125, "[10.09261]": 6.72125244140625, "[6.51101]": 4.68695068359375, "[10.49641]": 6.94952392578125, "[7.34241]": 5.13946533203125, "[8.51302]": 5.78399658203125, "[12.2413]": 7.97406005859375, "[14.5284]": 9.18524169921875, "[8.22013]": 5.61883544921875, "[9.4539]": 6.36004638671875, "[19.76373]": 11.71099853515625, "[8.0997]": 5.55169677734375, "[8.86347]": 5.98675537109375, "[25.74599]": 14.61676025390625, "[14.11448]": 8.94085693359375, "[13.33876]": 8.50177001953125, "[6.79703]": 4.84136962890625, "[26.13677]": 14.78863525390625, "[7.20853]": 5.06695556640625, "[9.18896]": 6.21502685546875, "[19.25515]": 11.45184326171875, "[14.52648]": 9.18389892578125, "[8.2091]": 5.61212158203125, "[9.1877]": 6.21368408203125, "[8.35268]": 5.69403076171875}}