{"lower": {"[7.0569]": 3.7161865234375, "[8.8543]": 4.4407958984375, "[8.73909]": 4.3895263671875, "[17.48665]": 8.3406982421875, "[7.0689]": 3.7196044921875, "[6.90745]": 3.6888427734375, "[8.93363]": 4.4783935546875, "[6.87952]": 3.6990966796875, "[6.97521]": 3.6922607421875, "[7.04879]": 3.7161865234375, "[7.52708]": 3.8358154296875, "[7.25681]": 3.7589111328125, "[8.11844]": 4.0596923828125, "[7.30597]": 3.7708740234375, "[9.06555]": 4.5279541015625, "[11.47225]": 5.6746826171875, "[8.76026]": 4.3980712890625, "[7.92507]": 3.9708251953125, "[7.90772]": 3.9656982421875, "[7.3695]": 3.7879638671875, "[10.45058]": 5.1466064453125, "[8.0835]": 4.0426025390625, "[11.66026]": 5.7344970703125, "[33.68302]": 15.9422607421875, "[10.01563]": 4.9517822265625, "[8.38215]": 4.1964111328125, "[9.38947]": 4.6885986328125, "[7.6514]": 3.8802490234375, "[16.28853]": 7.8023681640625, "[7.06471]": 3.7178955078125, "[9.94261]": 4.9227294921875, "[14.5352]": 6.8709716796875, "[11.66435]": 5.7362060546875, "[9.16136]": 4.5758056640625, "[52.74726]": 24.1949462890625, "[8.97018]": 4.4886474609375, "[10.01769]": 4.9534912109375, "[9.66434]": 4.8099365234375, "[14.62281]": 6.9324951171875, "[10.84269]": 5.4405517578125, "[7.27129]": 3.7623291015625, "[8.91776]": 4.4698486328125, "[6.98941]": 3.6939697265625, "[15.14417]": 7.1922607421875, "[10.47734]": 5.1551513671875, "[14.69074]": 6.9735107421875, "[9.7348]": 4.8355712890625, "[18.6348]": 8.8978271484375, "[12.87941]": 6.1839599609375, "[7.79379]": 3.9024658203125, "[7.95557]": 3.9827880859375, "[11.55132]": 5.7003173828125, "[10.74611]": 5.3380126953125, "[9.70019]": 4.8236083984375, "[12.27401]": 5.9498291015625, "[8.1058]": 4.0528564453125, "[7.98767]": 3.9947509765625, "[8.37287]": 4.1895751953125, "[8.01653]": 4.0084228515625, "[8.66855]": 4.3638916015625, "[10.80989]": 5.3807373046875, "[11.12253]": 5.5618896484375}, "upper": {"[7.0569]": 4.9927978515625, "[8.8543]": 6.0113525390625, "[8.73909]": 5.9447021484375, "[17.48665]": 10.3453369140625, "[7.0689]": 4.9996337890625, "[6.90745]": 4.9261474609375, "[8.93363]": 6.0557861328125, "[6.87952]": 4.9158935546875, "[6.97521]": 4.9552001953125, "[7.04879]": 4.9893798828125, "[7.52708]": 5.2354736328125, "[7.25681]": 5.0919189453125, "[8.11844]": 5.5909423828125, "[7.30597]": 5.1175537109375, "[9.06555]": 6.1326904296875, "[11.47225]": 7.3785400390625, "[8.76026]": 5.9566650390625, "[7.92507]": 5.4730224609375, "[7.90772]": 5.4627685546875, "[7.3695]": 5.1500244140625, "[10.45058]": 6.8197021484375, "[8.0835]": 5.5670166015625, "[11.66026]": 7.3836669921875, "[33.68302]": 16.5181884765625, "[10.01563]": 6.5906982421875, "[8.38215]": 5.7481689453125, "[9.38947]": 6.2950439453125, "[7.6514]": 5.3038330078125, "[16.28853]": 9.8240966796875, "[7.06471]": 4.9962158203125, "[9.94261]": 6.5531005859375, "[14.5352]": 8.9012451171875, "[11.66435]": 7.3870849609375, "[9.16136]": 6.1873779296875, "[52.74726]": 23.9539794921875, "[8.97018]": 6.0780029296875, "[10.01769]": 6.5906982421875, "[9.66434]": 6.4197998046875, "[14.62281]": 8.9439697265625, "[10.84269]": 7.1033935546875, "[7.27129]": 5.0987548828125, "[8.91776]": 6.0472412109375, "[6.98941]": 4.9620361328125, "[15.14417]": 9.1832275390625, "[10.47734]": 6.8385009765625, "[14.69074]": 8.9764404296875, "[9.7348]": 6.4522705078125, "[18.6348]": 10.7623291015625, "[12.87941]": 8.1578369140625, "[7.79379]": 5.3858642578125, "[7.95557]": 5.4901123046875, "[11.55132]": 7.3922119140625, "[10.74611]": 7.0059814453125, "[9.70019]": 6.4368896484375, "[12.27401]": 7.7852783203125, "[8.1058]": 5.5823974609375, "[7.98767]": 5.5089111328125, "[8.37287]": 5.7430419921875, "[8.01653]": 5.5260009765625, "[8.66855]": 5.9071044921875, "[10.80989]": 7.0504150390625, "[11.12253]": 7.2384033203125}}