{"lower": {"[0.0, 7.5643505225246495]": -0.0833740234375, "[0.0, 5.66892376443991]": -0.4508056640625, "[0.0, 4.206434182253519]": -0.5045166015625, "[0.0, 9.436794237468936]": 0.3353271484375, "[0.0, 5.620782532867282]": -0.4556884765625, "[1.0, 9.955277308666153]": -0.2823486328125, "[0.0, 4.63829374083503]": -0.5045166015625, "[0.0, 5.165054621323595]": -0.4874267578125, "[0.0, 9.484552478583174]": 0.3341064453125, "[0.0, 2.28815873655513]": -0.4178466796875, "[0.0, 6.775978638583625]": -0.2530517578125, "[1.0, 9.69370293408745]": -0.3653564453125, "[0.0, 3.6427829616722454]": -0.3922119140625, "[0.0, 5.3692759266075605]": -0.4764404296875, "[0.0, 0.25993019270997947]": -0.1553955078125, "[0.0, 7.071841727763689]": -0.1810302734375, "[0.0, 3.2237784140123606]": -0.4312744140625, "[0.0, 6.201247042837766]": -0.3885498046875, "[0.0, 4.927135898745242]": -0.4971923828125, "[0.0, 6.382462599402439]": -0.3482666015625, "[0.0, 3.9595968567839526]": -0.4971923828125, "[0.0, 6.548848250422037]": -0.3128662109375, "[0.0, 10.006479679462197]": 0.4158935546875, "[0.0, 7.853349184091726]": -0.0174560546875, "[0.0, 6.599439716505273]": -0.2896728515625, "[0.0, 6.18073393366106]": -0.3909912109375, "[0.0, 4.07496572905667]": -0.5008544921875, "[0.0, 6.149430350712189]": -0.3958740234375, "[0.0, 8.89711766135026]": 0.1656494140625, "[0.0, 5.4235444455003545]": -0.4715576171875, "[0.0, 5.743941437996736]": -0.4434814453125, "[0.0, 11.33844375855547]": 0.4171142578125, "[0.0, 6.439596388697101]": -0.3421630859375, "[0.0, 8.153212608875544]": 0.1424560546875, "[0.0, 5.835066362946046]": -0.4337158203125, "[0.0, 5.1997305895185315]": -0.4862060546875, "[0.0, 4.424560699360533]": -0.5057373046875, "[0.0, 10.75380590378735]": 0.4830322265625, "[0.0, 7.407673760418058]": -0.1065673828125, "[1.0, 8.89711766135026]": -0.3848876953125, "[0.0, 1.2277304454369522]": -0.3922119140625, "[0.0, 5.93276490629531]": -0.4227294921875, "[0.0, 6.617297006879771]": -0.2823486328125, "[0.0, 2.119673090808945]": -0.4141845703125, "[0.0, 6.081863851886263]": -0.4031982421875, "[0.0, 7.710150199345256]": -0.0601806640625, "[0.0, 5.078001361280696]": -0.4910888671875, "[0.0, 4.525454164522782]": -0.5057373046875, "[0.0, 6.900064209655852]": -0.2384033203125, "[0.0, 1.7619265553871364]": -0.4044189453125, "[0.0, 6.0414077151549455]": -0.4093017578125, "[0.0, 5.979787415449747]": -0.4166259765625, "[0.0, 9.481255893085342]": 0.3353271484375, "[0.0, 2.533449658204007]": -0.4788818359375, "[0.0, 4.3320091121662205]": -0.5057373046875, "[1.0, 10.006479679462197]": -0.2738037109375, "[0.0, 6.950685674976283]": -0.2274169921875, "[0.0, 7.271272950468081]": -0.1260986328125, "[0.0, 8.012520509835065]": 0.0155029296875, "[0.0, 5.580993455214383]": -0.4593505859375, "[0.0, 5.521842139625886]": -0.4642333984375, "[0.0, 3.8277916524436253]": -0.4886474609375, "[0.0, 6.509992393040078]": -0.3299560546875, "[0.0, 7.205471171836157]": -0.1358642578125, "[0.0, 3.492086285073702]": -0.3958740234375, "[0.0, 5.481585222520285]": -0.4678955078125, "[0.0, 5.261364567330008]": -0.4825439453125, "[0.0, 6.486513019671136]": -0.3360595703125, "[0.0, 9.487024917706549]": 0.3353271484375, "[0.0, 6.8388384000963995]": -0.2457275390625, "[0.0, 8.069807973999874]": 0.0301513671875, "[0.0, 7.320708614691379]": -0.1187744140625, "[0.0, 10.714726007498367]": 0.4989013671875, "[0.0, 6.252981466966596]": -0.3787841796875, "[0.0, 6.660344901031666]": -0.2664794921875, "[0.0, 7.139713580370823]": -0.1614990234375, "[0.0, 4.796521066437497]": -0.5008544921875, "[0.0, 4.978901938846929]": -0.4959716796875, "[0.0, 7.482556959512772]": -0.0955810546875, "[0.0, 9.69370293408745]": 0.3316650390625, "[0.0, 3.3524442662096194]": -0.4324951171875, "[0.0, 4.707890119869979]": -0.5032958984375, "[0.0, 8.283085105665934]": 0.1571044921875, "[0.0, 7.954475519512463]": 0.0020751953125, "[0.0, 5.888120972371637]": -0.4276123046875, "[0.0, 7.010766195476258]": -0.2030029296875, "[0.0, 2.824449727261541]": -0.4825439453125, "[0.0, 4.588530380982284]": -0.5045166015625, "[0.0, 12.927696006587961]": 0.5489501953125, "[0.0, 6.116139732806552]": -0.3995361328125, "[0.0, 6.694515345972271]": -0.2628173828125, "[0.0, 8.482173698698947]": 0.1754150390625, "[0.0, 4.865390032106561]": -0.4996337890625, "[0.0, 8.190342801842357]": 0.1461181640625, "[0.0, 6.739325217231219]": -0.2579345703125, "[0.0, 6.329437001671614]": -0.3543701171875, "[0.0, 5.786362310653337]": -0.4398193359375, "[0.0, 5.308710991538947]": -0.4801025390625}, "upper": {"[0.0, 7.5643505225246495]": -0.1431884765625, "[0.0, 5.66892376443991]": -0.4385986328125, "[0.0, 4.206434182253519]": -0.4996337890625, "[0.0, 9.436794237468936]": 0.1180419921875, "[0.0, 5.620782532867282]": -0.4410400390625, "[1.0, 9.955277308666153]": -0.1700439453125, "[0.0, 4.63829374083503]": -0.5008544921875, "[0.0, 5.165054621323595]": -0.4752197265625, "[0.0, 9.484552478583174]": 0.1192626953125, "[0.0, 2.28815873655513]": -0.5032958984375, "[0.0, 6.775978638583625]": -0.2322998046875, "[1.0, 9.69370293408745]": -0.2384033203125, "[0.0, 3.6427829616722454]": -0.4642333984375, "[0.0, 5.3692759266075605]": -0.4617919921875, "[0.0, 0.25993019270997947]": -0.2152099609375, "[0.0, 7.071841727763689]": -0.2042236328125, "[0.0, 3.2237784140123606]": -0.4520263671875, "[0.0, 6.201247042837766]": -0.3909912109375, "[0.0, 4.927135898745242]": -0.4898681640625, "[0.0, 6.382462599402439]": -0.3531494140625, "[0.0, 3.9595968567839526]": -0.4886474609375, "[0.0, 6.548848250422037]": -0.2738037109375, "[0.0, 10.006479679462197]": 0.1802978515625, "[0.0, 7.853349184091726]": -0.1004638671875, "[0.0, 6.599439716505273]": -0.2493896484375, "[0.0, 6.18073393366106]": -0.3922119140625, "[0.0, 4.07496572905667]": -0.4947509765625, "[0.0, 6.149430350712189]": -0.3934326171875, "[0.0, 8.89711766135026]": 0.0460205078125, "[0.0, 5.4235444455003545]": -0.4569091796875, "[0.0, 5.743941437996736]": -0.4324951171875, "[0.0, 11.33844375855547]": 0.2706298828125, "[0.0, 6.439596388697101]": -0.3250732421875, "[0.0, 8.153212608875544]": -0.0565185546875, "[0.0, 5.835066362946046]": -0.4227294921875, "[0.0, 5.1997305895185315]": -0.4739990234375, "[0.0, 4.424560699360533]": -0.5032958984375, "[0.0, 10.75380590378735]": 0.4244384765625, "[0.0, 7.407673760418058]": -0.1639404296875, "[1.0, 8.89711766135026]": -0.2469482421875, "[0.0, 1.2277304454369522]": -0.4569091796875, "[0.0, 5.93276490629531]": -0.4166259765625, "[0.0, 6.617297006879771]": -0.2445068359375, "[0.0, 2.119673090808945]": -0.5289306640625, "[0.0, 6.081863851886263]": -0.3995361328125, "[0.0, 7.710150199345256]": -0.1212158203125, "[0.0, 5.078001361280696]": -0.4813232421875, "[0.0, 4.525454164522782]": -0.5032958984375, "[0.0, 6.900064209655852]": -0.2213134765625, "[0.0, 1.7619265553871364]": -0.5264892578125, "[0.0, 6.0414077151549455]": -0.4068603515625, "[0.0, 5.979787415449747]": -0.4093017578125, "[0.0, 9.481255893085342]": 0.1192626953125, "[0.0, 2.533449658204007]": -0.4935302734375, "[0.0, 4.3320091121662205]": -0.5020751953125, "[1.0, 10.006479679462197]": -0.1676025390625, "[0.0, 6.950685674976283]": -0.2164306640625, "[0.0, 7.271272950468081]": -0.1810302734375, "[0.0, 8.012520509835065]": -0.0772705078125, "[0.0, 5.580993455214383]": -0.4459228515625, "[0.0, 5.521842139625886]": -0.4495849609375, "[0.0, 3.8277916524436253]": -0.4801025390625, "[0.0, 6.509992393040078]": -0.2921142578125, "[0.0, 7.205471171836157]": -0.1895751953125, "[0.0, 3.492086285073702]": -0.4581298828125, "[0.0, 5.481585222520285]": -0.4532470703125, "[0.0, 5.261364567330008]": -0.4691162109375, "[0.0, 6.486513019671136]": -0.3031005859375, "[0.0, 9.487024917706549]": 0.1192626953125, "[0.0, 6.8388384000963995]": -0.2274169921875, "[0.0, 8.069807973999874]": -0.0687255859375, "[0.0, 7.320708614691379]": -0.1749267578125, "[0.0, 10.714726007498367]": 0.4256591796875, "[0.0, 6.252981466966596]": -0.3897705078125, "[0.0, 6.660344901031666]": -0.2408447265625,